dataset,pct_nulls,start_index,end_index,seed,nulls,training_time_IPM_70_30,imputation_time_IPM_70_30,total_time_IPM_70_30_fixed,exact_matches_IPM_70_30,avg_semantic_sim_IPM_70_30_fixed
credit,5,0,217,1234,100,18.168243134,0.543884219999981,18.712127354,69,0.935250401496887
credit,5,218,239,1234,10,18.168243134,0.143097750999985,18.311340885,9,0.975273907184601
credit,5,240,261,1234,10,18.168243134,0.138231575999981,18.30647471,7,0.923381805419922
credit,5,262,283,1234,10,18.168243134,0.136957603000013,18.305200737,5,0.877881467342377
credit,5,284,305,1234,10,18.168243134,0.135858416999966,18.304101551,5,0.882754027843475
credit,5,306,327,1234,10,18.168243134,0.13465871199999,18.302901846,4,0.847838878631592
credit,5,328,349,1234,10,18.168243134,0.134108835999982,18.30235197,5,0.882324814796448
credit,5,350,371,1234,10,18.168243134,0.134027631999984,18.302270766,2,0.82894766330719
credit,5,372,393,1234,10,18.168243134,0.133683334000011,18.301926468,5,0.875829875469208
credit,5,394,415,1234,10,18.168243134,0.136356981000006,18.304600115,5,0.874288260936737
credit,5,416,437,1234,10,18.168243134,0.141320877000013,18.309564011,4,0.844605624675751
credit,5,438,459,1234,10,18.168243134,0.143837738999977,18.312080873,7,0.905664145946503
credit,5,460,481,1234,10,18.168243134,0.137672574999996,18.305915709,7,0.955701172351837
credit,5,482,503,1234,10,18.168243134,0.143442652999994,18.311685787,5,0.903410911560059
credit,5,504,525,1234,10,18.168243134,0.142735067999993,18.310978202,5,0.864852726459503
credit,5,526,547,1234,10,18.168243134,0.144859213000018,18.313102347,7,0.928914189338684
credit,5,548,569,1234,10,18.168243134,0.145414717000023,18.313657851,8,0.956902623176575
credit,5,570,591,1234,10,18.168243134,0.146671077000036,18.314914211,3,0.843959450721741
credit,5,592,613,1234,10,18.168243134,0.144027571000009,18.312270705,7,0.923396110534668
credit,5,614,635,1234,10,18.168243134,0.142795143000001,18.311038277,4,0.854583740234375
credit,5,636,652,1234,0,18.168243134,0,18.168243134,0,0
credit,10,0,217,1234,210,17.253133914,1.15692353800009,18.4100574520001,140,0.926844894886017
credit,10,218,239,1234,20,17.253133914,1.48299839699999,18.736132311,13,0.927195012569428
credit,10,240,261,1234,20,17.253133914,0.941762771999976,18.194896686,13,0.907786190509796
credit,10,262,283,1234,20,17.253133914,1.16213878300005,18.4152726970001,7,0.847682952880859
credit,10,284,305,1234,20,17.253133914,1.05604725900002,18.309181173,12,0.894125401973724
credit,10,306,327,1234,20,17.253133914,1.31378515400002,18.566919068,8,0.867742717266083
credit,10,328,349,1234,20,17.253133914,1.155755263,18.408889177,10,0.877273738384247
credit,10,350,371,1234,20,17.253133914,1.08860032300007,18.3417342370001,7,0.849668145179749
credit,10,372,393,1234,20,17.253133914,1.32158728400003,18.5747211980001,8,0.85319310426712
credit,10,394,415,1234,20,17.253133914,1.16142783999996,18.414561754,10,0.877053737640381
credit,10,416,437,1234,20,17.253133914,1.43683030899993,18.6899642229999,10,0.855339050292969
credit,10,438,459,1234,20,17.253133914,1.23865549299993,18.4917894069999,13,0.900631129741669
credit,10,460,481,1234,20,17.253133914,0.709718813999984,17.962852728,11,0.912217736244202
credit,10,482,503,1234,20,17.253133914,0.673232088999981,17.926366003,12,0.915076673030853
credit,10,504,525,1234,20,17.253133914,1.412463411,18.665597325,10,0.865757584571838
credit,10,526,547,1234,20,17.253133914,1.133664259,18.386798173,14,0.929013431072235
credit,10,548,569,1234,20,17.253133914,0.977176824000026,18.230310738,17,0.962370693683624
credit,10,570,591,1234,20,17.253133914,1.37111650699995,18.624250421,9,0.87336653470993
credit,10,592,613,1234,20,17.253133914,1.19506749599998,18.44820141,11,0.891306698322296
credit,10,614,635,1234,20,17.253133914,0.909616841999934,18.162750756,10,0.869515538215637
credit,10,636,652,1234,10,17.253133914,0.142715132000092,17.3958490460001,5,0.874394834041596
credit,20,0,217,1234,430,16.0067752080001,0.778306993000115,16.7850822010003,291,0.92783534526825
credit,20,218,239,1234,40,16.0067752080001,0.558048457000041,16.5648236650002,27,0.926211178302765
credit,20,240,261,1234,40,16.0067752080001,0.486509327000078,16.4932845350002,26,0.916423320770264
credit,20,262,283,1234,40,16.0067752080001,1.13166394699999,17.1384391550001,14,0.850253283977509
credit,20,284,305,1234,40,16.0067752080001,0.552048321999962,16.5588235300001,17,0.86396598815918
credit,20,306,327,1234,40,16.0067752080001,1.18775348000008,17.1945286880002,17,0.875823974609375
credit,20,328,349,1234,40,16.0067752080001,0.62005718599994,16.6268323940001,17,0.867247045040131
credit,20,350,371,1234,40,16.0067752080001,0.338802595999994,16.3455778040001,12,0.839954793453217
credit,20,372,393,1234,40,16.0067752080001,0.622250913000016,16.6290261210002,16,0.856558978557587
credit,20,394,415,1234,40,16.0067752080001,0.818613286999891,16.825388495,19,0.878755748271942
credit,20,416,437,1234,40,16.0067752080001,1.01090930300001,17.0176845110001,18,0.861779808998108
credit,20,438,459,1234,40,16.0067752080001,1.12559135500004,17.1323665630002,22,0.888600170612335
credit,20,460,481,1234,40,16.0067752080001,1.07078795399997,17.0775631620001,20,0.89253181219101
credit,20,482,503,1234,40,16.0067752080001,0.480600531000107,16.4873757390002,26,0.926364898681641
credit,20,504,525,1234,40,16.0067752080001,0.530422125000087,16.5371973330002,19,0.860156238079071
credit,20,526,547,1234,40,16.0067752080001,0.771736146999956,16.7785113550001,28,0.932699203491211
credit,20,548,569,1234,40,16.0067752080001,0.612496915999884,16.619272124,32,0.955752551555634
credit,20,570,591,1234,40,16.0067752080001,0.492916976999879,16.499692185,15,0.867961406707764
credit,20,592,613,1234,40,16.0067752080001,0.516274133000081,16.5230493410002,22,0.888899505138397
credit,20,614,635,1234,40,16.0067752080001,1.1406776039999,17.147452812,21,0.876521289348602
credit,20,636,652,1234,30,16.0067752080001,1.42454987499997,17.4313250830001,16,0.884033381938934
credit,40,0,217,1234,870,13.908191285,1.16716113599989,15.0753524209999,585,0.92599892616272
credit,40,218,239,1234,80,13.908191285,0.675205485000049,14.5833967700001,60,0.945004642009735
credit,40,240,261,1234,80,13.908191285,0.185210123000161,14.0934014080002,48,0.902625262737274
credit,40,262,283,1234,80,13.908191285,0.925801732000025,14.8339930170001,31,0.859460532665253
credit,40,284,305,1234,80,13.908191285,0.393257845999983,14.301449131,37,0.870978355407715
credit,40,306,327,1234,80,13.908191285,0.983102156999962,14.891293442,31,0.86459618806839
credit,40,328,349,1234,80,13.908191285,0.290265084000112,14.1984563690002,33,0.861975491046906
credit,40,350,371,1234,80,13.908191285,0.370326873999943,14.278518159,28,0.846965253353119
credit,40,372,393,1234,80,13.908191285,0.793417817000091,14.7016091020001,33,0.857456505298615
credit,40,394,415,1234,80,13.908191285,1.25799689799976,15.1661881829998,36,0.869419872760773
credit,40,416,437,1234,80,13.908191285,0.77768263300004,14.6858739180001,37,0.866127967834473
credit,40,438,459,1234,80,13.908191285,1.19593878100011,15.1041300660002,39,0.876731872558594
credit,40,460,481,1234,80,13.908191285,0.58736771100007,14.4955589960001,46,0.905941009521484
credit,40,482,503,1234,80,13.908191285,0.795317710000063,14.7035089950001,50,0.917555272579193
credit,40,504,525,1234,80,13.908191285,0.772583422000025,14.6807747070001,44,0.886445641517639
credit,40,526,547,1234,80,13.908191285,1.28023995099989,15.1884312359999,55,0.935064911842346
credit,40,548,569,1234,80,13.908191285,0.868575040999986,14.776766326,61,0.947780072689056
credit,40,570,591,1234,80,13.908191285,0.451214721999691,14.3594060069997,35,0.876510143280029
credit,40,592,613,1234,80,13.908191285,0.961367679999739,14.8695589649998,39,0.875004947185516
credit,40,614,635,1234,80,13.908191285,0.647728038000082,14.5559193230001,43,0.880105912685394
credit,40,636,652,1234,60,13.908191285,0.196981081000104,14.1051723660001,27,0.868268489837647
